RAPOO KEYBOARD,KB-01,IT ROOM
RAPOO KEYBOARD,KB-02,IT ROOM
A4TECH KEYBOARD,KB-03,IT ROOM
A4TECH KEYBOARD,KB-04,IT ROOM
A4TECH KEYBOARD,KB-05,IT ROOM
A4TECH KEYBOARD,KB-06,IT ROOM
A4TECH KEYBOARD,KB-07,IT ROOM
A4TECH KEYBOARD,KB-08,IT ROOM
A4TECH KEYBOARD,KB-09,IT ROOM
A4TECH KEYBOARD,KB-10,MS JULIE
LENOVO KEYBOARD,KB-11,IT ROOM
A4TECH KEYBOARD,KB-12,IT ROOM
LENOVO KEYBOARD,KB-13,IT ROOM
A4TECH KEYBOARD,KB-14,IT ROOM
GENIUS KEYBOARD,KB-15,IT ROOM
A4TECH KEYBOARD,KB-16,IT ROOM
RAPOO KEYBOARD,KB-17,IT ROOM
HP KEYBOARD,KB-18,IT ROOM
RAPOO KEYBOARD,KB-19,IT ROOM
RAPOO KEYBOARD,KB-20,IT ROOM
A4TECH KEYBOARD,KB-21,IT ROOM
A4TECH KEYBOARD,KB-22,IT ROOM
A4TECH KEYBOARD,KB-23,IT ROOM
A4TECH KEYBOARD,KB-24,IT ROOM
A4TECH KEYBOARD,KB-25,IT ROOM
A4TECH KEYBOARD,KB-26,IT ROOM
A4TECH KEYBOARD,KB-27,IT ROOM
NEWMEN KEYBOARD,KB-28,IT ROOM
A4TECH KEYBOARD,KB-29,IT ROOM
A4TECH KEYBOARD,KB-30,IT ROOM
RAPOO KEYBOARD,KB-31,IT ROOM
RAPOO KEYBOARD,KB-32,IT ROOM
RAPOO KEYBOARD,KB-33,IT ROOM
RAPOO KEYBOARD,KB-34,IT ROOM
RAPOO KEYBOARD,KB-35,IT ROOM
RAPOO KEYBOARD,KB-36,IT ROOM
RAPOO KEYBOARD,KB-37,IT ROOM
RAPOO KEYBOARD,KB-38,IT ROOM
SMALL KEYBOARD,KB-39,IT ROOM
GENIUS KEYBOARD,KB-40,IT ROOM
RAPOO KEYBOARD,KB-41,IT ROOM
A4TECH KEYBOARD,KB-42,IT ROOM
GENIUS KEYBOARD,KB-43,IT ROOM
LENOVO KEYBOARD,KB-44,IT ROOM
LENOVO KEYBOARD,KB-45,IT ROOM
LENOVO KEYBOARD,KB-46,IT ROOM
RAPOO KEYBOARD,KB-47,IT ROOM
RAPOO MOUSE,MO-01,IT ROOM
A4TECH MOUSE,MO-02,IT ROOM
RAPOO MOUSE,MO-03,IT ROOM
RAPOO MOUSE,MO-04,IT ROOM
RAPOO MOUSE,MO-05,IT ROOM
RAPOO MOUSE,MO-06,IT ROOM
RAPOO MOUSE,MO-07,IT ROOM
RAPOO MOUSE,MO-08,IT ROOM
HP MOUSE,MO-09,IT ROOM
A4TECH MOUSE,MO-10,MS JANE
A4TECH MOUSE,MO-11,IT ROOM
A4TECH MOUSE,MO-12,IT ROOM
A4TECH MOUSE,MO-13,IT ROOM
RAPOO MOUSE,MO-14,IT ROOM
A4TECH MOUSE,MO-15,IT ROOM
RAPOO MOUSE,MO-16,IT ROOM
RAPOO MOUSE,MO-17,IT ROOM
RAPOO MOUSE,MO-18,IT ROOM
RAPOO MOUSE,MO-19,IT ROOM
RAPOO MOUSE,MO-20,IT ROOM
A4TECH MOUSE,MO-21,IT ROOM
A4TECH MOUSE,MO-22,IT ROOM
A4TECH MOUSE,MO-23,HR ROOM
A4TECH MOUSE,MO-24,IT ROOM
A4TECH MOUSE,MO-25,IT ROOM
RAPOO MOUSE,MO-26,IT ROOM
LG MONITOR,LG-01,IT ROOM
LG MONITOR,LG-02,IT ROOM
LG MONITOR,LG-03,IT ROOM
LG MONITOR,LG-04,IT ROOM
LG MONITOR,LG-06,IT ROOM
LG MONITOR,LG-07,IT ROOM
LG MONITOR,LG-08,IT ROOM
LG MONITOR,LG-09,IT ROOM
SAMSUNG MONITOR,SM-01,IT ROOM
SAMSUNG MONITOR,SM-02,IT ROOM
SAMSUNG MONITOR,SM-03,IT ROOM
SAMSUNG MONITOR,SM-04,IT ROOM
SAMSUNG MONITOR,SM-05,IT ROOM
SAMSUNG MONITOR,SM-06,IT ROOM
SAMSUNG MONITOR,SM-07,IT ROOM
SAMSUNG MONITOR,SM-08,IT ROOM
SAMSUNG MONITOR,SM-09,IT ROOM
SAMSUNG MONITOR,SM-10,IT ROOM
SAMSUNG MONITOR,SM-11,IT ROOM
SAMSUNG MONITOR,SM-12,IT ROOM
SAMSUNG MONITOR,SM-13,IT ROOM
SAMSUNG MONITOR,SM-14,IT ROOM
SAMSUNG MONITOR,SM-15,IT ROOM
SAMSUNG MONITOR,SM-16,IT ROOM
ACER MONITOR,AC-01,IT ROOM
AOC MONITOR,AO-01,IT ROOM
AOC MONITOR,AO-02,IT ROOM
